actual_beta,placebo_mean,placebo_sd,empirical_p
-0.07325750669142164,0.008073137954078434,0.10714851686397542,0.435
